{
    "10000000": {
        "sequential": {
            "chapel": [
                0.850139,
                0.848949,
                0.849405
            ],
            "c": [
                0.901075,
                0.900908,
                0.900136
            ],
            "julia": [
                0.908202023,
                0.911242208,
                0.907604536
            ]
        },
        "sm": {
            "chapel": {
                "1": [
                    1.20031,
                    1.20162,
                    1.19272
                ],
                "2": [
                    0.98797,
                    0.989561,
                    0.990544
                ],
                "4": [
                    0.510058,
                    0.515848,
                    0.510417
                ],
                "8": [
                    0.438887,
                    0.438433,
                    0.439672
                ],
                "16": [
                    0.373886,
                    0.370438,
                    0.374404
                ]
            },
            "c": {
                "1": [
                    0.9912143800002013,
                    0.9958105830000932,
                    0.9891850829999385
                ],
                "2": [
                    0.8438287070002843,
                    0.8463558729999932,
                    0.8388303929996255
                ],
                "4": [
                    0.4427540760007105,
                    0.440701629000614,
                    0.4392062090000763
                ],
                "8": [
                    0.3888354390001041,
                    0.3829088249995038,
                    0.3816324270001132
                ],
                "16": [
                    0.290831745000105,
                    0.2855194949997895,
                    0.2984159830002682
                ]
            },
            "julia": {
                "1": [
                    1.301676802,
                    1.290370761,
                    1.30844809
                ],
                "2": [
                    1.285924525,
                    1.186073759,
                    1.288609414
                ],
                "4": [
                    0.772902844,
                    0.950772415,
                    0.766534408
                ],
                "8": [
                    0.51322673,
                    0.514135627,
                    0.519146021
                ],
                "16": [
                    0.372137067,
                    0.375786326,
                    0.383514195
                ]
            }
        }
    }
}